,health,income,inflation,Alcohol_consumption,Hepatitis_B,Measles,BMI,Polio,Diphtheria,Incidents_HIV,Schooling,Status,Birth_Rate,GDP,Gross_tertiary_education_enrollment,Infant_mortality,Life_expectancy,Maternal_mortality_ratio,Physicians_per_thousand,Population,Unemployment_rate,Urban_population,fuel,GDP_per_capita
0,7.58,1610,9.44,0.0,65,42,23.3,67,65,0.03,3.6,0,32.49,19101353833.0,9.7,47.9,64.5,638.0,0.28,38041754.0,11.12,9797273.0,35.4,502.11548691997746
1,6.55,9930,4.49,4.33,99,98,26.6,99,99,0.03,9.7,0,11.78,15278077447.0,55.0,7.8,78.5,15.0,1.2,2854191.0,12.33,1747593.0,83.7,5352.857411084262
2,4.17,12900,16.1,0.55,95,99,25.5,95,95,0.05,7.9,0,24.28,169988236398.0,51.4,20.1,76.7,112.0,1.72,43053054.0,11.7,31510100.0,99.7,3948.3432789227913
3,2.85,5900,22.4,6.53,64,64,23.2,62,64,0.89,5.0,0,40.73,94635415870.0,9.3,51.6,60.8,241.0,0.21,31825295.0,6.89,21061025.0,50.0,2973.591159799147
4,6.03,19100,1.44,9.06,99,84,26.6,86,99,0.2,9.2,0,15.33,1727759259.0,24.8,5.0,76.9,42.0,2.76,97118.0,6.886363636363637,23800.0,100.0,17790.309304145474
5,8.1,18700,20.9,8.49,94,87,27.6,93,94,0.13,9.8,0,17.02,449663446954.0,90.0,8.8,76.5,39.0,3.96,44938712.0,9.79,41339571.0,99.9,10006.14897360654
6,4.4,6700,7.77,4.04,94,97,26.3,96,94,0.09,11.6,0,13.99,13672802158.0,54.6,11.0,74.9,26.0,4.4,2957731.0,16.99,1869848.0,98.4,4622.733493343377
7,8.73,41400,1.16,9.68,93,93,27.1,93,93,0.04,12.8,1,12.6,1392680589329.0,113.1,3.1,82.7,6.0,3.68,25766605.0,5.27,21844756.0,100.0,54049.8288124881
8,11.0,43200,0.873,11.6,93,88,25.5,93,93,0.08,12.1,1,9.7,446314739528.0,85.1,2.9,81.6,5.0,5.17,8877067.0,4.67,5194416.0,100.0,50277.27508736838
9,5.88,16000,13.8,0.51,96,98,26.9,98,96,0.05,10.7,0,14.0,39207000000.0,27.7,19.2,72.9,26.0,3.45,10023318.0,5.51,5616165.0,98.3,3911.5789801341234
10,4.97,41100,7.44,1.53,98,99,24.8,98,98,0.05,9.3,0,13.99,38574069149.0,50.5,6.1,77.2,14.0,0.93,1501635.0,0.71,1467109.0,100.0,25688.046129052665
11,3.52,2440,7.14,0.01,97,90,21.6,98,97,0.01,5.2,0,18.18,302571254131.0,20.6,25.1,72.3,173.0,0.58,167310838.0,4.19,60987417.0,26.5,1808.4378618138296
12,7.97,15300,0.321,9.68,97,89,27.7,97,97,0.28,10.5,0,10.65,5209000000.0,65.4,11.3,79.1,27.0,2.48,287025.0,10.33,89431.0,100.0,18148.24492640014
13,5.61,16200,15.1,9.79,99,99,26.6,99,99,0.22,12.2,0,9.9,63080457023.0,87.4,2.6,74.2,2.0,5.19,9466856.0,4.59,7482982.0,99.6,6663.295292861749
14,10.7,41100,1.88,10.36,98,85,26.1,99,99,0.08,11.7,1,10.3,529606710418.0,79.7,2.9,81.6,5.0,3.07,11484055.0,5.59,11259082.0,100.0,46116.699233676605
15,5.2,7880,1.14,6.71,94,95,28.9,94,94,0.4,10.5,0,20.79,1879613600.0,24.7,11.2,74.5,36.0,1.12,390353.0,6.41,179039.0,83.0,4815.163710795101
16,4.1,1820,0.885,1.53,82,83,23.5,72,82,0.33,3.5,0,36.22,14390709095.0,12.3,60.5,61.5,397.0,0.08,11801151.0,2.23,5648149.0,4.6,1219.4326718639563
17,5.2,6420,5.99,0.04,99,94,23.8,98,99,0.13,3.1,0,17.26,2446674101.0,15.6,24.8,71.5,183.0,0.42,727145.0,2.34,317538.0,87.0,3364.767826224481
18,4.84,5410,8.78,3.15,99,83,26.4,99,99,0.15,8.7,0,21.75,40895322865.0,37.96338797814208,21.8,71.2,155.0,1.59,11513100.0,3.5,8033035.0,88.3,3552.068762105775
19,11.1,9720,1.4,4.9,82,88,25.7,74,82,0.08,9.0,0,8.11,20047848435.0,23.3,5.0,77.3,10.0,2.16,3301000.0,18.42,1605144.0,41.65,6073.265202968797
20,8.3,13300,8.92,6.14,95,80,24.3,96,95,5.81,9.2,0,24.82,18340510789.0,24.9,30.0,69.3,144.0,0.37,2346179.0,18.19,1616550.0,65.7,7817.1830832174355
21,9.01,14500,8.41,6.63,96,80,26.5,98,96,0.24,7.6,0,13.92,1839758040766.0,51.3,12.8,75.7,60.0,2.15,212559417.0,12.08,183241641.0,96.5,8655.264804221777
22,6.87,15300,1.11,10.89,92,87,26.4,91,91,0.03,11.8,1,8.9,86000000000.0,71.0,5.9,74.9,10.0,4.03,6975761.0,4.34,5256027.0,89.1,12328.404026456756
23,6.74,1430,6.81,7.03,91,50,22.1,91,91,0.16,1.4,0,37.93,15745810235.0,6.5,49.0,61.2,320.0,0.08,20321378.0,6.26,6092349.0,11.7,774.8396902513206
24,11.6,764,12.3,3.99,94,65,21.6,94,94,0.27,2.9,0,39.01,3012334882.0,6.1,41.0,61.2,548.0,0.1,11530580.0,1.43,1541177.0,0.2,261.24747254691437
25,5.68,2520,3.12,3.34,89,61,22.1,92,89,0.1,4.7,0,22.46,27089389787.0,13.7,24.0,69.6,160.0,0.17,16486542.0,0.68,3924621.0,44.5,1643.121388766668
26,5.13,2660,1.91,4.55,84,64,24.3,77,84,1.12,6.1,0,35.39,38760467033.0,12.8,50.6,58.9,529.0,0.09,25876380.0,3.38,14741256.0,22.8,1497.90917558793
27,11.3,40700,2.87,8.0,55,86,26.9,91,91,0.1,13.1,1,10.1,1736425629520.0,68.9,4.3,81.9,10.0,2.61,36991981.0,5.56,30628482.0,100.0,46940.59584210967
28,3.98,888,2.01,0.9,47,64,22.8,51,47,1.12,4.2,0,35.35,2220307369.0,3.0,84.5,52.8,829.0,0.06,4745185.0,3.68,1982064.0,0.900000000000001,467.9074407004152
29,4.53,1930,6.39,0.66,46,64,21.9,52,46,0.42,2.3,0,42.17,11314951343.0,3.3,71.4,54.0,1140.0,0.04,15946876.0,1.89,3712273.0,8.0,709.5403101522832
30,7.96,19400,8.96,7.89,97,89,27.9,96,96,0.19,10.3,0,12.43,282318159745.0,88.5,6.2,80.0,13.0,2.59,18952038.0,7.09,16610135.0,100.0,14896.453866597354
31,5.07,9530,6.94,5.66,99,99,23.7,99,99,0.1,7.7,0,10.9,19910000000000.0,50.6,7.4,77.0,29.0,1.98,1397715000.0,4.32,842933962.0,83.2,14244.677920749224
32,7.59,10900,3.86,4.16,91,86,26.1,91,91,0.19,8.1,0,14.88,323802808108.0,55.3,12.2,77.1,83.0,2.18,50339443.0,9.71,40827302.0,93.3,6432.387583390623
33,4.51,1410,3.87,0.14,91,64,24.3,92,91,0.01,4.8,0,31.88,1185728677.0,9.0,51.3,64.1,273.0,0.27,850886.0,4.34,248152.0,11.3,1393.522371974624
34,10.9,13000,6.57,3.19,92,90,27.3,92,92,0.19,8.8,0,13.97,61773944174.0,55.2,7.6,80.1,27.0,2.89,5047561.0,11.85,4041885.0,95.9,12238.374964463035
35,7.76,20100,0.821,9.64,94,96,27.3,94,94,0.02,11.2,1,9.0,60415553039.0,67.9,4.0,78.1,8.0,3.0,4067500.0,6.93,2328318.0,100.0,14853.239837492318
36,5.97,33900,2.01,9.59,97,88,26.8,97,97,0.06,11.9,1,10.46,24564647935.0,75.9,1.9,80.8,6.0,1.95,1198575.0,7.27,800708.0,100.0,20494.87761299877
37,11.4,44000,3.22,9.42,88,80,25.3,93,93,0.03,12.5,1,10.6,348078018464.0,80.6,3.6,81.0,4.0,4.01,5818553.0,4.91,5119978.0,100.0,59822.092960913134
38,6.22,11100,5.44,5.39,81,83,26.4,87,85,0.38,7.8,0,19.51,88941298258.0,59.9,24.1,73.9,95.0,1.56,10738958.0,5.84,8787475.0,91.5,8282.11622189043
39,8.06,9350,7.47,3.69,78,76,27.1,84,78,0.16,8.4,0,19.72,107435665000.0,44.9,12.2,76.8,59.0,2.04,17373662.0,3.97,11116711.0,94.7,6183.823824821733
40,6.91,7300,2.65,2.54,91,88,27.6,92,91,0.18,6.6,0,18.25,27022640000.0,29.4,11.8,73.1,46.0,1.57,6453553.0,4.11,4694702.0,92.7,4187.250031106896
41,4.48,33700,24.9,8.11,40,64,23.9,37,16,4.2,5.5,0,33.24,11026774945.0,1.9,62.6,58.4,301.0,0.4,1355986.0,6.43,984812.0,24.1,8131.92388785725
42,2.66,1420,11.6,1.03,95,88,20.7,95,95,0.1,3.9,0,30.3,2065001626.0,3.4,31.3,65.9,480.0,0.06,6333135.0,5.14,1149670.0,11.5,326.0630992391604
43,6.03,22700,1.74,16.72,91,92,26.4,93,93,0.08,12.7,1,10.9,31386949981.0,69.6,2.1,78.2,9.0,4.48,1331824.0,5.11,916024.0,100.0,23566.890205462583
44,4.86,7350,4.23,2.63,99,94,27.6,99,99,0.12,10.8,0,21.28,5535548972.0,16.1,21.6,67.3,34.0,0.84,889953.0,4.1,505048.0,51.4,6220.046420428944
45,8.95,39800,0.351,8.52,88,92,25.9,97,97,0.08,12.4,1,8.6,268761201365.0,88.2,1.4,81.7,3.0,3.81,5520314.0,6.59,4716888.0,100.0,48685.853986747854
46,11.9,36900,1.05,11.87,86,79,25.0,97,98,0.09,11.5,1,11.3,2715518274227.0,65.6,3.4,82.5,8.0,3.27,67059887.0,8.43,54123364.0,100.0,40493.9285720389
47,3.5,15400,16.6,8.06,80,64,25.2,79,80,1.09,8.1,0,31.61,16657960228.0,8.3,32.7,66.2,252.0,0.68,2172579.0,20.0,1949694.0,89.7,7667.366861228061
48,10.1,6730,8.55,6.95,94,91,27.5,91,94,0.14,12.7,0,13.47,17743195770.0,63.9,8.7,73.6,25.0,7.12,3720382.0,14.4,2196476.0,90.6,4769.18654320981
49,11.6,40400,0.758,11.06,88,93,26.5,92,95,0.03,14.1,1,9.5,3845630030824.0,70.2,3.1,80.9,7.0,4.25,83132799.0,3.04,64324835.0,100.0,46258.8782897109
50,5.22,3060,16.6,1.75,88,63,23.9,88,88,0.84,6.9,0,29.41,66983634224.0,15.7,34.9,63.8,308.0,0.14,30792608.0,4.33,17249054.0,30.3,2175.3153946557563
51,10.3,28700,0.673,6.68,96,83,27.1,99,99,0.06,10.6,1,8.1,209852761469.0,136.6,3.6,81.3,3.0,5.48,10716322.0,17.24,8507474.0,100.0,19582.53601086268
52,5.86,11200,0.48,8.2,92,89,26.9,99,92,0.4,8.7,0,16.47,1228170370.0,104.6,13.7,72.4,25.0,1.41,112003.0,6.886363636363637,40765.0,88.3,10965.51315589761
53,6.85,6710,5.14,1.65,74,83,26.5,69,74,0.03,6.3,0,24.56,76710385880.0,21.8,22.1,74.1,95.0,0.35,16604026.0,2.46,8540945.0,48.1,4619.987097105244
54,4.93,1190,16.1,0.38,54,64,22.9,47,54,0.74,2.6,0,36.36,13590281809.0,11.6,64.9,61.2,576.0,0.08,12771246.0,4.3,4661505.0,1.0,1064.1312373906196
55,8.5,1390,2.97,3.13,87,64,23.4,83,87,1.58,2.9,0,35.13,1340389411.0,2.6,54.0,58.0,667.0,0.13,1920922.0,2.47,840922.0,1.0,697.7844030106376
56,5.38,5840,5.73,5.48,95,95,26.3,92,95,0.59,8.4,0,19.97,4280443645.0,11.6,25.1,69.8,169.0,0.8,782766.0,11.85,208912.0,82.0,5468.356628928696
57,6.91,1500,5.45,2.78,64,83,25.2,64,60,0.67,5.2,0,24.35,8498981821.0,1.1,49.5,63.7,480.0,0.23,11263077.0,13.78,6328948.0,4.3,754.5879177599514
58,7.33,22300,2.33,10.95,88,99,27.2,99,99,0.08,11.8,1,9.6,160967157504.0,48.5,3.6,75.8,12.0,3.41,9769949.0,3.4,6999582.0,100.0,16475.741838979917
59,9.4,38800,5.47,7.66,88,94,26.2,92,92,0.05,12.2,1,12.0,24188035739.0,71.8,1.5,82.7,4.0,4.08,361313.0,2.84,339110.0,100.0,66944.82550863102
60,4.05,4410,8.98,3.0,87,69,21.7,86,87,0.06,6.3,0,17.86,2611000000000.0,28.1,29.9,69.4,145.0,0.86,1366417754.0,5.36,471031528.0,71.1,1910.835827737642
61,2.61,8430,15.3,0.08,78,31,23.0,85,78,0.15,7.9,0,18.07,1119190780753.0,36.3,21.1,71.5,177.0,0.43,270203917.0,4.69,151509724.0,86.9,4142.022784788127
62,8.41,12700,16.6,0.16,56,76,28.6,72,58,0.13,6.6,0,29.08,234094042939.0,16.2,22.5,70.5,79.0,0.71,39309783.0,12.82,27783368.0,99.3,5955.109010370268
63,7.63,29600,1.77,2.74,96,97,27.2,95,95,0.08,13.0,1,20.8,395098666122.0,63.4,3.0,82.8,3.0,4.62,9053300.0,3.86,8374393.0,100.0,43641.39773585323
64,9.53,36200,0.319,7.14,93,83,25.6,93,93,0.06,10.2,1,7.3,2001244392042.0,61.9,2.6,82.9,2.0,3.98,60297396.0,9.89,42651966.0,100.0,33189.56579886136
65,4.81,8000,9.81,3.27,91,83,27.6,91,91,0.47,9.6,0,16.1,16458071068.0,27.1,12.4,74.4,80.0,1.31,2948279.0,8.0,1650594.0,82.5,5582.263777613991
66,9.49,35800,-1.9,8.55,83,93,22.7,99,96,0.17,12.5,1,7.4,5081769542380.0,63.2,1.8,84.2,5.0,2.41,126226568.0,2.29,115782416.0,100.0,40259.11203083648
67,8.04,9470,8.43,0.3,99,96,28.9,99,99,0.13,10.3,0,21.98,43743661972.0,34.4,13.9,74.4,46.0,2.32,10101694.0,14.72,9213048.0,99.9,4330.329345949303
68,4.29,20100,19.5,3.33,98,98,26.3,98,98,0.14,11.7,0,21.77,180161741180.0,61.7,8.8,73.2,10.0,3.25,18513930.0,4.59,10652915.0,93.9,9731.14520687936
69,4.75,2480,2.09,1.65,89,28,23.3,83,89,1.15,6.3,0,28.75,95503088538.0,11.5,30.6,66.3,342.0,0.16,52573973.0,2.64,14461523.0,23.9,1816.5469164371505
70,11.3,1730,1.52,0.35,82,76,30.0,80,78,0.17,7.9,0,27.89,194647202.0,37.96338797814208,41.2,68.1,92.0,0.2,117606.0,6.886363636363637,64489.0,12.4,1655.0788395149907
71,2.63,75200,11.2,0.0,99,96,29.5,99,99,0.13,7.1,0,13.94,134761198946.0,54.4,6.7,75.4,12.0,2.58,4207083.0,2.18,4207083.0,100.0,32031.980102603156
72,6.68,18300,-0.812,10.8,94,92,26.6,94,95,0.29,12.8,1,10.0,34117202555.0,88.1,3.3,74.7,19.0,3.19,1912789.0,6.52,1304943.0,100.0,17836.364886560932
73,7.03,16300,0.238,1.15,81,63,27.5,81,81,0.04,8.5,0,17.55,53367042272.0,26.3,6.4,78.9,29.0,2.1,6855713.0,6.23,6084994.0,90.2,7784.316856904599
74,11.1,2380,4.15,3.07,93,82,24.9,85,93,10.0,6.1,0,26.81,2460072444.0,10.2,65.7,53.7,544.0,0.07,2125268.0,23.41,607508.0,41.1,1157.5351645063115
75,11.8,700,5.47,3.18,52,64,24.0,65,52,3.5,4.4,0,33.04,3070518100.0,11.9,53.5,63.7,661.0,0.04,4937374.0,2.81,2548426.0,0.4,621.8929536227153
76,3.88,29600,14.2,0.01,97,97,28.0,97,97,0.08,7.3,0,18.83,52076250948.0,60.5,10.2,72.7,72.0,2.09,6777452.0,18.56,5448597.0,25.5,7683.750611291677
77,7.04,21100,2.38,14.2,94,92,26.4,93,93,0.09,13.0,1,10.0,54219315600.0,72.4,3.3,75.7,8.0,6.35,2786844.0,6.35,1891013.0,100.0,19455.45412660343
78,7.77,91700,3.62,11.37,94,86,26.3,99,99,0.1,12.0,1,10.3,71104919108.0,19.2,1.9,82.1,5.0,3.01,645397.0,5.36,565488.0,100.0,110172.37314087298
79,3.77,1390,8.79,0.86,69,64,21.3,68,69,0.24,6.1,0,32.66,14083906357.0,5.4,38.2,66.7,335.0,0.18,26969307.0,1.76,10210849.0,1.4,522.219809244635
80,6.59,1030,12.1,2.04,88,64,22.8,88,88,2.59,4.4,0,34.12,7666704427.0,0.8,35.3,63.8,349.0,0.04,18628747.0,5.65,3199301.0,1.6,411.5523404231106
81,4.39,21100,7.27,0.55,99,99,25.6,99,99,0.14,10.2,0,16.75,364701517788.0,45.1,6.7,76.0,29.0,1.51,32447385.0,3.32,24475766.0,93.8,11239.78150436468
82,6.33,10500,2.88,1.26,99,99,25.3,99,99,0.17,6.3,0,14.2,5729248472.0,31.2,7.4,78.6,53.0,4.56,530953.0,6.14,213645.0,99.5,10790.500236367438
83,4.98,1870,4.37,0.62,64,64,22.9,67,64,0.39,2.3,0,41.54,17510141171.0,4.5,62.0,58.9,562.0,0.13,19658031.0,7.22,8479688.0,0.900000000000001,890.7372854890706
84,8.65,28300,3.83,7.37,95,91,27.1,97,97,0.08,11.2,1,9.2,14786156563.0,54.3,6.1,82.3,6.0,2.86,502653.0,3.47,475902.0,100.0,29416.230606402427
85,4.41,3320,18.9,0.0,73,64,24.9,67,73,0.15,4.3,0,33.69,7593752450.0,5.0,51.5,64.7,766.0,0.19,4525696.0,9.55,2466821.0,48.3,1677.9192526409197
86,6.0,15900,1.13,2.83,97,96,25.2,98,97,0.7,9.1,0,10.2,14180444557.0,40.6,13.6,74.4,61.0,2.53,1265711.0,6.67,515980.0,98.9,11203.540584699034
87,11.7,3910,11.1,6.76,88,92,27.0,88,87,0.36,11.6,0,10.1,11955435457.0,39.8,13.6,71.8,19.0,3.21,2657637.0,5.47,1135502.0,97.6,4498.520850289186
88,5.44,7710,39.2,8.35,99,98,26.1,99,99,0.01,10.1,0,24.13,13852850259.0,65.6,14.0,69.7,45.0,2.86,3225167.0,6.01,2210626.0,53.0,4295.235024728952
89,9.11,14000,1.6,8.49,82,94,26.5,89,89,0.03,11.3,0,11.73,5494736901.0,56.1,2.3,76.8,6.0,2.76,622137.0,14.88,417765.0,62.0,8832.036835938065
90,5.2,6440,0.976,0.39,99,95,25.9,99,99,0.03,5.0,0,18.94,118725279596.0,35.9,19.2,76.5,70.0,0.73,36910560.0,9.02,22975026.0,98.2,3216.5667385160236
91,5.21,918,7.64,1.22,88,64,22.7,88,80,3.5,3.5,0,37.52,14934159926.0,7.3,54.0,60.2,289.0,0.08,30366036.0,3.24,11092106.0,5.4,491.80472307942995
92,1.97,3720,7.04,1.47,89,78,22.6,89,89,0.28,4.9,0,17.55,76085852617.0,18.8,36.8,66.9,250.0,0.68,54045420.0,1.58,16674093.0,43.5,1407.8131434078966
93,6.78,8460,3.56,2.63,92,64,24.2,92,92,4.58,6.7,0,28.64,12366527719.0,22.9,29.0,63.4,195.0,0.42,2494530.0,20.27,1273258.0,47.3,4957.458005716508
94,5.25,1990,15.1,0.24,91,65,22.4,90,91,0.17,4.7,0,19.89,30641380604.0,12.4,26.7,70.5,186.0,0.75,28608710.0,1.41,5765513.0,35.2,1071.0507605550897
95,11.9,45500,0.848,8.3,94,92,25.5,95,95,0.04,12.1,1,9.7,909070395161.0,85.0,3.3,81.8,5.0,3.61,17332850.0,3.2,15924729.0,100.0,52447.83143920359
96,10.1,32300,3.73,8.68,92,87,28.0,92,92,0.03,12.4,1,11.98,206928765544.0,82.0,4.7,81.9,9.0,3.59,4841000.0,4.07,4258860.0,100.0,42745.04555752943
97,5.16,814,2.55,0.12,65,64,21.8,83,65,0.06,1.8,0,46.08,12928145120.0,4.4,48.0,62.0,509.0,0.04,23310715.0,0.47,3850231.0,3.0,554.6009686961554
98,5.07,5150,104.0,4.51,49,64,23.2,42,49,0.58,6.0,0,37.91,448120428859.0,10.2,75.7,54.3,917.0,0.38,200963599.0,8.1,102806948.0,16.8,2229.858696245781
99,9.48,62300,5.95,5.97,88,91,26.6,95,95,0.04,12.5,1,10.4,403336363636.0,82.0,2.1,82.8,2.0,2.92,5347896.0,3.35,4418218.0,100.0,75419.6348687409
100,2.77,45300,15.6,0.45,99,98,26.3,99,99,0.05,9.5,0,19.19,76983094928.0,38.0,9.8,77.6,19.0,2.0,5266535.0,2.67,4250777.0,100.0,14617.408775978893
101,2.2,4280,10.9,0.04,72,54,23.9,72,72,0.13,5.1,0,28.25,304400000000.0,9.0,57.2,67.1,140.0,0.98,216565318.0,4.45,79927762.0,50.7,1405.5805556086316
102,8.1,15400,2.59,6.84,73,92,26.8,72,73,0.4,9.9,0,18.98,66800800000.0,47.8,13.1,78.3,52.0,1.57,4246439.0,3.9,2890084.0,100.0,15731.01603484708
103,5.87,7290,6.1,5.21,93,72,26.6,93,93,0.14,8.5,0,20.57,38145288940.0,34.6,17.2,74.1,129.0,1.35,7044636.0,4.81,4359150.0,69.8,5414.799137954041
104,5.08,9960,5.71,5.68,90,63,26.5,88,90,0.13,9.1,0,17.95,226848050820.0,70.7,11.1,76.5,88.0,1.27,32510453.0,3.31,25390339.0,85.5,6977.695783568442
105,3.61,5600,4.22,4.52,75,57,23.1,79,60,0.1,9.3,0,20.55,376795508680.0,35.5,22.5,71.1,121.0,0.6,108116615.0,2.15,50975903.0,48.0,3485.0842183692116
106,7.46,21800,1.66,10.47,96,94,26.6,92,98,0.08,12.1,1,10.2,592164400688.0,67.8,3.8,77.6,2.0,2.38,37970874.0,3.47,22796574.0,100.0,15595.227033436207
107,11.0,27200,0.643,10.34,98,95,25.7,98,98,0.12,9.1,1,8.5,237686075635.0,63.9,3.1,81.3,8.0,5.12,10269417.0,6.33,6753579.0,100.0,23145.04081731222
108,1.81,125000,6.98,1.03,99,91,29.1,99,99,0.06,9.8,0,9.54,183466208791.0,17.9,5.8,80.1,9.0,2.49,2832067.0,0.09,2809071.0,100.0,64781.73319734314
109,5.58,17800,3.53,9.45,90,80,26.7,89,89,0.04,10.9,1,9.6,250077444017.0,49.4,6.1,75.4,19.0,2.98,19356544.0,3.98,10468793.0,100.0,12919.529644186485
110,5.08,23100,14.2,8.06,97,97,26.2,97,97,0.08,12.0,0,11.5,1699876578871.0,81.9,6.1,72.7,17.0,4.01,144373535.0,4.59,107683889.0,72.9,11774.156384485565
111,10.5,1350,2.61,6.31,98,87,22.0,99,98,0.59,4.0,0,31.7,10122472590.0,6.7,27.0,68.7,248.0,0.13,12626950.0,1.03,2186104.0,5.4,801.6561869651816
112,6.47,5400,1.72,2.1,59,55,32.1,78,66,0.17,10.3,0,24.38,850655017.0,7.6,13.6,73.2,43.0,0.34,202506.0,8.36,35588.0,37.2,4200.641052610787
113,4.29,45400,17.2,0.0,98,96,28.4,97,98,0.13,9.5,0,17.8,792966838162.0,68.0,6.0,75.0,17.0,2.61,34268528.0,5.93,28807838.0,100.0,23139.798656131363
114,5.66,2180,1.85,0.19,89,54,22.9,85,89,0.1,2.9,0,34.52,23578084052.0,12.8,31.8,67.7,315.0,0.07,16296364.0,6.6,7765706.0,29.4,1446.8309649931728
115,10.4,12700,5.88,7.2,94,86,26.0,95,95,0.02,11.0,0,9.2,51409167351.0,67.2,4.8,75.5,12.0,3.11,6944975.0,12.69,3907243.0,80.6,7402.354558655718
116,3.4,20400,-4.21,8.7,98,98,26.6,97,97,3.5,9.5,0,17.1,1698843063.0,17.1,12.4,72.8,53.0,0.95,97625.0,6.886363636363637,55762.0,100.0,17401.72151600512
117,13.1,1220,17.2,3.06,86,60,22.7,86,86,0.85,3.4,0,33.41,3941474311.0,2.0,78.5,54.3,1120.0,0.03,7813215.0,4.43,3319366.0,0.800000000000001,504.4625433960284
118,3.96,72100,-0.046,1.82,96,90,23.6,96,96,0.07,11.5,0,8.8,372062527489.0,84.8,2.3,83.1,8.0,2.29,5703569.0,4.11,5703569.0,100.0,65233.28243929371
119,9.41,28700,-0.987,11.49,88,96,26.5,95,95,0.01,12.0,1,9.4,53742159517.0,78.6,1.7,81.0,7.0,3.09,2087946.0,4.2,1144654.0,100.0,25739.247814359183
120,8.55,1780,6.81,1.01,98,65,26.2,85,98,0.17,5.4,0,32.44,1425074226.0,37.96338797814208,17.1,72.8,104.0,0.19,669823.0,0.58,162164.0,8.9,2127.5385079341854
121,8.94,12000,6.35,7.2,75,59,27.2,85,75,6.91,10.1,0,20.51,351431649241.0,22.4,28.5,63.9,119.0,0.91,58558270.0,28.18,39149717.0,88.4,6001.400813941395
122,9.54,32500,0.16,10.35,97,94,26.0,97,97,0.09,9.7,1,7.9,1394116310769.0,88.9,2.5,83.3,4.0,3.87,47076781.0,13.96,37927409.0,100.0,29613.67113798626
123,2.94,8560,22.8,2.72,99,99,23.0,99,99,0.01,10.9,0,15.83,84008783756.0,19.6,6.4,76.8,36.0,1.0,21803000.0,4.2,4052088.0,32.6,3853.0836928863
124,7.01,14200,7.2,4.75,89,21,26.5,78,89,0.47,8.4,0,18.54,3985250737.0,12.6,16.9,71.6,120.0,1.21,581372.0,7.33,384258.0,94.8,6854.906560687477
125,9.63,42900,0.991,7.13,67,95,26.0,98,98,0.08,12.4,1,11.4,530832908738.0,67.0,2.2,82.5,4.0,3.98,10285453.0,6.48,9021165.0,100.0,51610.06605523354
126,11.5,55500,0.317,9.62,88,87,25.2,96,97,0.05,13.4,1,10.0,703082435360.0,59.6,3.7,83.6,5.0,4.3,8574832.0,4.58,6332428.0,100.0,81993.72714940654
127,5.98,2110,12.5,0.92,96,94,25.9,96,96,0.11,10.5,0,30.76,8116626794.0,31.3,30.4,70.9,17.0,1.7,9321018.0,11.02,2545477.0,85.5,870.787589295504
128,6.01,2090,9.25,7.86,98,64,23.1,96,98,2.01,5.8,0,36.7,63177068175.0,4.0,37.6,65.0,524.0,0.01,58005463.0,1.98,20011885.0,6.9,1089.1572087787663
129,3.88,13500,4.08,6.95,99,95,24.3,99,99,0.16,7.6,0,10.34,543649976166.0,49.3,7.8,76.9,37.0,0.81,69625582.0,0.75,35294600.0,85.1,7808.192916304814
130,7.65,1210,1.18,1.36,88,64,23.5,82,88,0.72,4.7,0,33.11,5459979417.0,14.5,47.4,60.8,396.0,0.08,8082366.0,2.04,3414638.0,11.4,675.5422133815766
131,5.07,4980,3.68,0.23,78,99,32.1,96,78,0.17,11.2,0,24.3,450353314.0,6.4,13.4,70.8,52.0,0.52,100209.0,1.12,24145.0,86.8,4494.140386592023
132,6.21,10400,3.82,1.5,98,98,26.3,98,98,0.04,7.0,0,17.56,38797709924.0,31.7,14.6,76.5,43.0,1.3,11694719.0,16.02,8099061.0,99.9,3317.5410135121674
133,6.74,18000,7.01,1.32,97,65,27.8,97,97,0.08,7.8,0,16.03,754411708203.0,23.9,9.1,77.4,17.0,1.85,83429615.0,13.49,63097818.0,95.4,9042.492982893424
134,2.5,9940,2.31,3.36,99,99,26.4,99,99,0.08,9.8,0,23.83,40761142857.0,8.0,39.3,68.1,7.0,2.22,5942089.0,3.91,3092738.0,99.9,6859.732807266939
135,9.01,1540,10.6,7.44,78,64,22.4,85,78,2.08,5.7,0,38.14,34387229486.0,4.8,33.8,63.0,375.0,0.17,44269594.0,1.84,10784516.0,0.700000000000001,776.7685758762549
136,7.72,7820,13.4,6.04,22,57,26.5,51,23,0.23,11.3,0,8.7,153781069118.0,82.7,7.5,71.6,19.0,2.99,44385155.0,8.88,30835699.0,95.2,3464.696002931611
137,3.66,57600,12.5,2.12,99,99,28.4,99,99,0.13,10.6,0,10.33,421142267938.0,36.8,6.5,77.8,3.0,2.53,9770529.0,2.35,8479744.0,100.0,43103.32305835232
138,9.64,36200,1.57,9.59,88,86,27.1,96,96,0.08,12.8,1,11.0,2827113184696.0,60.0,3.6,81.3,7.0,2.81,66834405.0,3.85,55908316.0,100.0,42300.26712583137
139,17.9,49400,1.22,8.78,92,86,28.8,93,95,0.12,13.3,1,11.6,21427700000000.0,88.2,5.6,78.5,19.0,2.61,328239523.0,14.7,270663028.0,100.0,65280.6822413034
140,8.35,17100,4.91,6.0,95,93,27.3,95,95,0.24,8.7,0,13.86,56045912952.0,63.1,6.4,77.8,17.0,5.05,3461734.0,8.73,3303394.0,100.0,16190.126957183886
141,5.81,4240,16.5,2.59,99,99,26.7,99,99,0.14,11.4,0,23.3,57921286440.0,10.1,19.1,71.6,29.0,2.37,33580650.0,5.92,16935729.0,82.8,1724.8411344032947
142,5.25,2950,2.62,1.42,64,65,26.1,80,64,0.17,6.8,0,29.6,917058851.0,4.7,22.3,70.3,72.0,0.17,299882.0,4.39,76152.0,6.9,3058.065675832494
143,4.91,16500,45.9,6.21,87,83,26.7,87,87,0.4,10.1,0,17.88,482359318768.0,79.3,21.4,72.1,125.0,1.92,28515829.0,8.8,25162368.0,95.5,16915.49345340793
144,6.84,4490,12.1,2.98,97,65,21.7,97,97,0.12,8.0,0,16.75,261921244843.0,28.5,16.5,75.3,43.0,0.82,96462106.0,2.01,35332140.0,96.1,2715.276036405425
145,5.89,3280,14.0,3.5,90,47,22.5,90,90,4.48,6.9,0,36.19,23064722446.0,4.1,40.4,63.5,213.0,1.19,17861030.0,11.43,7871713.0,10.2,1291.3433573539712
